validation_loss,test_MSE,jacc5,jacc10,jacc15
0.17078338100098214,25.388843536376953,0.10273476523476523,0.1627966976264189,0.18284667806979019
