validation_loss,test_MSE,jacc5,jacc10,jacc15
0.0867214020335014,14.447769165039062,0.08864468864468862,0.12217778924435264,0.16906819704975587
